Hugo_Symbol,Tumor_Sample_Barcode,Variant_Classification,Variant_Type,Chromosome,Start_Position,End_Position,Reference_Allele,Tumor_Seq_Allele2,Protein_Change,VAF,Therapy_Related,Abnormal_Karyotype,MN_Progression
PHF6,CCUS_018,Missense_Mutation,SNP,X,134417275,134417275,T,C,p.I314T,12,Yes,No,Yes
TP53,CCUS_018,Missense_Mutation,SNP,17,7577538,7577538,C,T,p.R248Q,7,Yes,No,Yes
TP53,CCUS_024,Frame_Shift_Del,DEL,17,7576865,7576865,-,-,p.F328Sfs,6,Yes,No,Yes
TP53,CCUS_026,Missense_Mutation,SNP,17,7577520,7577520,A,C,p.I254S,40,Yes,No,Yes
TP53,CCUS_031,Missense_Mutation,SNP,17,7578406,7578406,C,T,p.R175H,7.5,Yes,No,Yes
TP53,CCUS_031,Missense_Mutation,SNP,17,7578442,7578442,T,C,p.Y163C,5.5,Yes,No,Yes
TP53,CCUS_037,Missense_Mutation,SNP,17,7577568,7577568,C,T,p.C238Y,3.3,Yes,No,Yes
JAK2,CCUS_037,Missense_Mutation,SNP,9,7597569,7597569,T,C,p.I314T,na,No,No,Yes
TP53,CCUS_001,Missense_Mutation,SNP,17,8597569,8597569,T,C,p.Y220C,11,No,No,No
TP53,CCUS_004,Missense_Mutation,SNP,17,9597569,9597569,T,C,p.C275Y,11,No,No,No
TP53,CCUS_006,Missense_Mutation,SNP,17,500,500,T,C,p.H179R,37,No,No,No
TP53,CCUS_011,Missense_Mutation,SNP,17,501,501,T,C,p.R248G,5,No,No,No
TP53,CCUS_011,Missense_Mutation,SNP,17,502,502,T,C,p.R273H,7,No,No,No
TP53,CCUS_012,Missense_Mutation,SNP,17,503,503,T,C,p.C238Y,3,No,No,No
TP53,CCUS_013,Missense_Mutation,SNP,17,504,504,T,C,p.C275F,6,No,No,No
DNMT3A,CCUS_013,Nonsense_Mutation,SNP,2,505,505,T,C,p.Trp860*,7,No,No,No
JAK2,CCUS_013,Missense_Mutation,SNP,9,506,506,T,C,p.V536_I546dup,10,No,No,No
TP53,CCUS_016,Missense_Mutation,SNP,17,507,507,T,C,p.Y220C,7,No,No,No
TP53,CCUS_017,Frame_Shift_Del,DEL,17,508,508,T,C,p.K120Lfs,5,No,No,No
CBL,CCUS_017,Missense_Mutation,SNP,11,509,509,T,C,p.Cys416Tyr,8,No,No,No
DNMT3A,CCUS_017,Missense_Mutation,SNP,2,510,510,T,C,p.Arg882Cys ,36,No,No,No
RAD21,CCUS_017,Nonsense_Mutation,SNP,8,511,511,T,C,p.Lys573*,9,No,No,No
TP53,CCUS_023,Missense_Mutation,SNP,17,512,512,T,C,p.C275S,10,No,No,No
TP53,CCUS_027,Missense_Mutation,SNP,17,513,513,T,C,p.R282Y,10,No,No,No
TP53,CCUS_039,Splice_Site,SNP,17,514,514,T,C,p.(?),5,No,No,No
TP53,CCUS_353,Missense_Mutation,SNP,17,515,515,T,C,p.K139N,46,No,No,No
TP53,CCUS_355,Missense_Mutation,SNP,17,516,516,T,C,p.R280G,4,No,Yes,No
TP53,CCUS_356,Missense_Mutation,SNP,17,517,517,T,C, p.C176R,3,No,Yes,Yes
EZH2,CCUS_356,Missense_Mutation,SNP,7,518,518,T,C,p.Tyr133Cys,3,No,Yes,Yes
TET2,CCUS_356,Splice_Site,SNP,4,519,519,T,C,p.(?),2,No,Yes,Yes
TP53,CCUS_358,Missense_Mutation,SNP,17,520,520,T,C,p.Arg181Cys,6,No,No,No
TP53,CCUS_002,Missense_Mutation,SNP,17,521,521,T,C,p.S241F,19,Yes,Yes,No
DNMT3A,CCUS_002,Missense_Mutation,SNP,2,522,522,T,C,p.Arg882His,41,Yes,Yes,No
TET2,CCUS_002,Frame_Shift_Ins,INS,4,523,523,T,C,p.Gln764Profs*5,42,Yes,Yes,No
TP53,CCUS_003,Missense_Mutation,SNP,17,524,524,T,C,p.R267P,2,Yes,No,Yes
CBL,CCUS_003,Missense_Mutation,SNP,11,525,525,T,C,p.Pro417Arg,3,Yes,No,Yes
PPM1D,CCUS_003,Nonsense_Mutation,SNP,17,526,526,T,C,p.Gly591*,18,Yes,No,Yes
TET2,CCUS_003,Nonsense_Mutation,SNP,4,527,527,T,C,p.Arg1465*,19,Yes,No,Yes
TP53,CCUS_005,Missense_Mutation,SNP,17,528,528,T,C, p.Y220C,15,Yes,No,No
KDM6A,CCUS_005,Missense_Mutation,SNP,X,529,529,T,C,p.Pro1139Glnfs*19,19,Yes,No,No
TP53,CCUS_007,Missense_Mutation,SNP,17,530,530,T,C,p.Y126C ,6,Yes,No,No
TP53,CCUS_009,Missense_Mutation,SNP,17,538,538,T,C,p.R248Y,6,Yes,No,No
TP53,CCUS_010,Missense_Mutation,SNP,17,539,539,T,C,p.L194R,16,Yes,No,No
SF3B1,CCUS_010,Missense_Mutation,SNP,2,540,540,T,C,p.Lys666Gln,22,Yes,No,No
SF3B1,CCUS_010,Frame_Shift_Del,DEL,2,541,541,T,C,p.Lys666Asn,20,Yes,No,No
TP53,CCUS_014,Missense_Mutation,SNP,17,542,542,T,C,p.R282Y,9,Yes,No,No
TP53,CCUS_015,Missense_Mutation,SNP,17,543,543,T,C,p.E286K,3,Yes,No,No
TP53,CCUS_015,Missense_Mutation,SNP,17,544,544,T,C,p.G105S,2,Yes,No,No
ASXL1,CCUS_015,Frame_Shift_Ins,INS,20,545,545,T,C,p.Gly646Trpfs*12,3,Yes,No,No
TP53,CCUS_19,Missense_Mutation,SNP,17,546,546,T,C,p.H193R,42,Yes,No,No
IDH1,CCUS_19,Missense_Mutation,SNP,2,547,547,T,C,p.Arg132Leu,38,Yes,No,No
SRSF2,CCUS_19,Missense_Mutation,SNP,17,548,548,T,C,p.Pro95Arg,43,Yes,No,No
TP53,CCUS_020,Missense_Mutation,SNP,17,549,549,T,C,p.R280G,2,Yes,No,No
PPM1D,CCUS_020,Frame_Shift_Del,DEL,17,550,550,T,C,p.Asn505Thrfs*9,5.7,Yes,No,No
PPM1D,CCUS_020,Frame_Shift_Ins,INS,17,551,551,T,C,p.Asn512Lysfs*16,6.3,Yes,No,No
PPM1D,CCUS_020,Frame_Shift_Del,DEL,17,552,552,T,C,p.Asn533Thrfs*6,6.9,Yes,No,No
TP53,CCUS_022,Missense_Mutation,SNP,17,553,553,T,C,p.R248Q,6,Yes,No,No
TET2,CCUS_022,Nonsense_Mutation,SNP,4,554,554,T,C,p.Arg1452*,6,Yes,No,No
TP53,CCUS_028,Missense_Mutation,SNP,17,555,555,T,C,p.S241F,4,Yes,No,No
DNMT3A,CCUS_028,Frame_Shift_Ins,INS,2,556,556,T,C,p.Glu463Glyfs*10,3,Yes,No,No
DNMT3A,CCUS_028,Frame_Shift_Del,DEL,2,557,557,T,C,p.Lys577Argfs*74,16,Yes,No,No
TET2,CCUS_028,Frame_Shift_Del,DEL,4,558,558,T,C,p.Met977Ilefs*30,9,Yes,No,No
TP53,CCUS_029,Missense_Mutation,SNP,17,559,559,T,C,p.Y234H,21,Yes,No,No
SRSF2,CCUS_029,Missense_Mutation,SNP,17,560,560,T,C,p.Pro95Arg,36,Yes,No,No
TET2,CCUS_029,Missense_Mutation,SNP,4,561,561,T,C,p.Ile1873Thr,14,Yes,No,No
TP53,CCUS_030,Missense_Mutation,SNP,17,562,562,T,C,p.V272M,9,Yes,Yes,No
UBA1,CCUS_030,Missense_Mutation,SNP,X,563,563,T,C,p.M41V,n/a,Yes,Yes,No
TP53,CCUS_032,Missense_Mutation,SNP,17,564,564,T,C,p.Y220H,16,Yes,No,No
DNMT3A,CCUS_032,Missense_Mutation,SNP,2,565,565,T,C,p.Arg736His,6,Yes,No,No
TP53,CCUS_033,Missense_Mutation,SNP,17,566,566,T,C,p.K132R,9,Yes,No,No
TP53,CCUS_034,Missense_Mutation,SNP,17,567,567,T,C,p.I195T,7,Yes,No,No
TP53,CCUS_035,Missense_Mutation,SNP,17,568,568,T,C,p.K132R,9,Yes,Yes,No
PPM1D,CCUS_036,Frame_Shift_Del,DEL,17,569,569,T,C,p.Glu475Argfs*5,8,Yes,No,No
TP53,CCUS_036,Missense_Mutation,SNP,17,570,570,T,C,p.K132Q,5,Yes,No,No
TP53,CCUS_036,Missense_Mutation,SNP,17,571,571,T,C,p.D281Y,7,Yes,No,No
TP53,CCUS_038,Missense_Mutation,SNP,17,572,572,T,C,p.C141W,9,Yes,No,No
TP53,CCUS_040,Frame_Shift_Del,DEL,17,573,573,T,C,p.V73fs,3,Yes,No,No
ASXL1,CCUS_040,Frame_Shift_Del,DEL,20,574,574,T,C,p.Gly645fs,7,Yes,No,No
TP53,CCUS_354,Missense_Mutation,SNP,17,575,575,T,C, p.Y234H,9,Yes,No,No
ASXL1,CCUS_354,Frame_Shift_Del,DEL,20,576,576,T,C,p.P808Lfs*10,4,Yes,No,No
PPM1D,CCUS_357,Frame_Shift_Del,DEL,17,577,577,T,C,p.Cys407Valfs*2,2,Yes,No,No
PPM1D,CCUS_357,Nonsense_Mutation,SNP,17,578,578,T,C,p.Leu538*,5,Yes,No,No
TP53,CCUS_357,Missense_Mutation,SNP,17,579,579,T,C,p.R248W,4,Yes,No,No
TP53,CCUS_359,Missense_Mutation,SNP,17,580,580,T,C,p.K139N,5,Yes,Yes,Yes
ASXL1,CCUS_359,Nonsense_Mutation,SNP,20,581,581,T,C,p.Arg693*,15,Yes,Yes,Yes
TP53,CCUS_041,Missense_Mutation,SNP,17,582,582,T,C,p.L111Q,16,No,No,Yes
JAK2,CCUS_041,Missense_Mutation,SNP,9,583,583,T,C,p.Val617Phe,10,No,No,Yes
U2AF1,CCUS_041,Frame_Shift_Ins,INS,21,584,584,T,C,p.Tyr158_Glu159dup,,No,No,Yes
TP53,CCUS_042,Splice_Site,SNP,17,585,585,T,C,p.?,22,No,No,Yes
SRSF2,CCUS_042,Missense_Mutation,SNP,17,586,586,T,C,p.P95L ,32,No,No,Yes
TP53,CCUS_701,Missense_Mutation,SNP,17,587,587,T,C,p.Y205F,7,Yes,No,No
TP53,CCUS_702,Missense_Mutation,SNP,17,588,588,T,C,p.V173M,3,Yes,No,Yes
TP53,CCUS_702,Missense_Mutation,SNP,17,589,589,T,C,p.R267W,7,Yes,No,Yes
PPM1D,CCUS_008,Nonsense_Mutation,SNP,17,1021.6,1021.6,T,C,p.Gln510*,9.6,Yes,Yes,No
TP53,CCUS_008,Missense_Mutation,SNP,17,1022.8,1022.8,T,C,p.His179Tyr,6.3,Yes,Yes,No
TP53,CCUS_008,Missense_Mutation,SNP,17,1024,1024,T,C,p.Tyr153Cys,1.8,Yes,Yes,No
TP53,CCUS_008,Missense_Mutation,SNP,17,1025.2,1025.2,T,C,p.Gly244Val,5.1,Yes,Yes,No
TP53,CCUS_008,Missense_Mutation,SNP,17,1026.4,1026.4,T,C,p.Asn247Ile ,5.1,Yes,Yes,No
TP53,CCUS_008,Missense_Mutation,SNP,17,1027.6,1027.6,T,C,p.Arg267Trp,5.8,Yes,Yes,No
TP53,CCUS_008,Missense_Mutation,SNP,17,1028.8,1028.8,T,C,p.Glu285Lys,12,Yes,Yes,No
TP53,CCUS_043,Missense_Mutation,SNP,18,1030,1030,T,C,p.Cys275Arg,7.6,Yes,No,No
SRSF2,CCUS_220,Missense_Mutation,SNP,17,590,590,T,C,p.Pro95Leu,35,No,No,Yes
BCOR,CCUS_221,Frame_Shift_Ins,INS,X,591,591,T,C,p.Val1138Serfs*4,9,No,No,No
U2AF1,CCUS_222,Missense_Mutation,SNP,21,592,592,T,C,p.Ser34Phe,7,No,No,No
DNMT3A,CCUS_223,Frame_Shift_Del,DEL,2,593,593,T,C,p.Lys420Argfs*22,65,No,No,No
SRSF2,CCUS_224,Frame_Shift_Del,DEL,17,594,594,T,C,p.Pro95_Arg102del,48,No,No,Yes
TET2,CCUS_224,Frame_Shift_Del,DEL,4,595,595,T,C,p.Leu182*,13,No,No,Yes
TET2,CCUS_224,Frame_Shift_Del,DEL,4,596,596,T,C,p.Gly1361*,40,No,No,Yes
RUNX1,CCUS_225,Missense_Mutation,SNP,21,597,597,T,C,p.Pro436Ser,46,No,No,No
 TET2,CCUS_226,Frame_Shift_Del,DEL,4,598,598,T,C,p.Asn275Ilefs*18,60,No,No,No
ZRSR2,CCUS_226,Frame_Shift_Del,DEL,X,599,599,T,C,p.Lys98Asnfs*10,27,No,No,No
SRSF2,CCUS_227,Missense_Mutation,SNP,17,600,600,T,C,p.Pro95Leu,42,No,No,No
TET2,CCUS_227,Frame_Shift_Del,DEL,4,601,601,T,C,p.Glu1555Valfs*22,39,No,No,No
PTEN,CCUS_229,Missense_Mutation,SNP,10,602,602,T,C,p.A79T,44,No,No,No
TET2,CCUS_230,Frame_Shift_Ins,INS,4,603,603,T,C,p.Leu1782Valfs*16,33,No,No,No
ZRSR2,CCUS_230,Nonsense_Mutation,SNP,X,604,604,T,C,p.Trp340*,82,No,No,No
SRSF2,CCUS_231,Missense_Mutation,SNP,17,605,605,T,C,p.Pro95Leu,38,No,No,No
TET2,CCUS_231,Frame_Shift_Ins,INS,4,606,606,T,C,p.Leu532Phefs*35,37,No,No,No
SETBP1,CCUS_232,Missense_Mutation,SNP,18,607,607,T,C,c.202G>A,50,No,No,No
TET2,CCUS_234,Frame_Shift_Del,DEL,4,608,608,T,C,p.Tyr1679Thrfs*16,7,No,No,No
ASXL1,CCUS_236,Frame_Shift_Ins,INS,20,609,609,T,C,p.Tyr591*,46,Yes,Yes,No
BCOR,CCUS_236,Frame_Shift_Ins,INS,X,610,610,T,C,p.Thr433Leufs*10,65,Yes,Yes,No
EZH2,CCUS_236,Missense_Mutation,SNP,7,611,611,T,C,p.Asp664Glu,50,Yes,Yes,No
RUNX1,CCUS_236,Frame_Shift_Ins,INS,21,612,612,T,C,p.Glu202Thrfs*33,13,Yes,Yes,No
TET2,CCUS_236,Frame_Shift_Ins,INS,4,613,613,T,C,p.Phe1104Leufs*3,44,Yes,Yes,No
MPL,CCUS_237,Frame_Shift_Del,DEL,1,614,614,T,C,p.Tyr631Ilefs*51,33,Yes,No,Yes
TET2,CCUS_237,Missense_Mutation,SNP,4,615,615,T,C,p.Cys1378Tyr,43,Yes,No,Yes
U2AF1,CCUS_237,Missense_Mutation,SNP,21,616,616,T,C,p.Ser34Phe,33,Yes,No,Yes
ASXL1,CCUS_239,Frame_Shift_Ins,INS,20,617,617,T,C,p.Gly646Trpfs*12,24,No,No,No
TET2,CCUS_240,Missense_Mutation,SNP,4,618,618,T,C,p.Thr995Pro,51,Yes,No,No
ASXL1,CCUS_241,Frame_Shift_Ins,INS,20,619,619,T,C,p.Gly587Argfs*32,44,No,No,No
U2AF1,CCUS_241,Missense_Mutation,SNP,21,620,620,T,C,p.Gln157Pro,44,No,No,No
SRSF2,CCUS_242,Missense_Mutation,SNP,17,621,621,T,C,p.Pro95Leu,38,No,No,No
TET2,CCUS_242,Frame_Shift_Del,DEL,4,622,622,T,C,p.Gly1145Valfs*7,37,No,No,No
TET2,CCUS_242,Frame_Shift_Del,DEL,4,623,623,T,C,p.Gly1824Valfs*9,37,No,No,No
ZRSR2,CCUS_243,Nonsense_Mutation,SNP,X,624,624,T,C,p.Arg126*,8,No,Yes,No
TET2,CCUS_245,Frame_Shift_Del,DEL,4,625,625,T,C,p.Gln726Argfs*25,6,No,No,Yes
ZRSR2,CCUS_245,Nonsense_Mutation,SNP,X,626,626,T,C,p.Arg36*,15,No,No,Yes
ZRSR2,CCUS_245,Splice_Site,SNP,X,627,627,T,C,p.?,60,No,No,Yes
ASXL1,CCUS_246,Nonsense_Mutation,SNP,20,628,628,T,C,p.Gln588*,43,No,No,No
EZH2,CCUS_246,Frame_Shift_Del,DEL,7,629,629,T,C,p.Leu513Argfs*30,29,No,No,No
SH2B3,CCUS_246,Frame_Shift_Ins,INS,12,630,630,T,C,p.Ser343Glufs*43,42,No,No,No
KDM6A,CCUS_247,Frame_Shift_Del,DEL,X,631,631,T,C,p.His750Metfs*5,8,No,No,No
TET2,CCUS_247,Frame_Shift_Del,DEL,4,632,632,T,C,p.Pro413Hisfs*14,22,No,No,No
U2AF1,CCUS_247,Missense_Mutation,SNP,21,633,633,T,C,p.Gln157Pro,18,No,No,No
ZRSR2,CCUS_247,Nonsense_Mutation,SNP,X,634,634,T,C,p.Tyr374*,92,No,No,No
SRSF2,CCUS_248,Frame_Shift_Ins,INS,17,635,635,T,C,p.Arg94dup,37,No,No,No
TET2,CCUS_248,Nonsense_Mutation,SNP,4,636,636,T,C,p.Trp1847*,46,No,No,No
ASXL1,CCUS_249,Frame_Shift_Ins,INS,20,637,637,T,C,p.Gly646Trpfs*12,35,Yes,Yes,No
NRAS,CCUS_249,Missense_Mutation,SNP,1,638,638,T,C,p.Gly12Ser,34,Yes,Yes,No
TET2,CCUS_249,Splice_Site,SNP,4,639,639,T,C,p.?,76,Yes,Yes,No
BCOR,CCUS_250,Splice_Site,SNP,X,640,640,T,C,p.? ,29,No,No,No
ASXL1,CCUS_252,Frame_Shift_Ins,INS,20,641,641,T,C,p.Gly646Trpfs*12,20,No,No,No
TET2,CCUS_254,Splice_Site,SNP,4,645,645,T,C,p.Arg126*,24,No,No,Yes
ZRSR2,CCUS_254,Nonsense_Mutation,SNP,X,646,646,T,C,p.Arg126*,57,No,No,Yes
SRSF2,CCUS_255,Missense_Mutation,SNP,17,647,647,T,C,p.Pro95Leu,41,No,Yes,Yes
TET2,CCUS_255,Nonsense_Mutation,SNP,4,648,648,T,C,p.Arg1808*,9,No,Yes,Yes
TET2,CCUS_256,Frame_Shift_Del,DEL,4,649,649,T,C,p.Met865Ilefs*5,38,No,Yes,No
KDM6A,CCUS_263,Nonsense_Mutation,SNP,X,650,650,T,C,p.Gln542*,8,No,No,No
SRSF2,CCUS_264,Missense_Mutation,SNP,17,651,651,T,C,p.Pro95Leu,35,No,No,No
TET2,CCUS_264,Frame_Shift_Del,DEL,4,652,652,T,C,p.Gln403Asnfs*24,5,No,No,No
DNMT3A,CCUS_266,Splice_Site,SNP,2,653,653,T,C,p.?,46,No,No,No
SF3B1,CCUS_268,Missense_Mutation,SNP,2,656,656,T,C,p.K666N,7,No,No,No
DNMT3A,CCUS_269,Splice_Site,SNP,2,657,657,T,C,p.?,6,Yes,No,No
IDH1,CCUS_270,Missense_Mutation,SNP,2,658,658,T,C,p.Arg132His,33,Yes,No,Yes
SRSF2,CCUS_270,Frame_Shift_Del,DEL,17,659,659,T,C,p.Pro95_Arg102del,27,Yes,No,Yes
SRSF2,CCUS_271,Missense_Mutation,SNP,17,660,660,T,C,p.Pro95His,44,Yes,Yes,Yes
U2AF1,CCUS_271,Missense_Mutation,SNP,21,661,661,T,C,p.Ser34Tyr,36,Yes,Yes,Yes
DNMT3A,CCUS_272,Missense_Mutation,SNP,2,662,662,T,C,p.Lys666Asn,13,No,No,Yes
RUNX1,CCUS_274,Frame_Shift_Del,DEL,21,663,663,T,C,p.Ala311Argfs*256,44,No,No,No
SRSF2,CCUS_274,Missense_Mutation,SNP,17,664,664,T,C,p.Pro95Leu,44,No,No,No
ZRSR2,CCUS_274,Frame_Shift_Del,DEL,X,665,665,T,C,p.Glu118Argfs*47,47,No,No,No
ASXL1,CCUS_276,Frame_Shift_Ins,INS,20,666,666,T,C,p.Gly646Trpfs*12,27,No,Yes,Yes
U2AF1,CCUS_276,Missense_Mutation,SNP,21,667,667,T,C,p.Ser34Phe,28,No,Yes,Yes
IDH1,CCUS_277,Missense_Mutation,SNP,2,668,668,T,C,Gly105Gly,48,No,Yes,No
SRSF2,CCUS_278,Missense_Mutation,SNP,17,669,669,T,C,p.Pro95Arg,9,No,Yes,No
TET2,CCUS_278,Frame_Shift_Del,DEL,4,670,670,T,C,p.Thr1220Argfs*4,20,No,Yes,No
ZRSR2,CCUS_278,Frame_Shift_Del,DEL,X,671,671,T,C,p.Arg391Glufs*?,8,No,Yes,No
DNMT3A,CCUS_279,Splice_Site,SNP,2,672,672,T,C,p.?,18,No,No,No
DNMT3A,CCUS_280,Missense_Mutation,SNP,2,673,673,T,C,p.Gly543Cys,23,No,No,No
IDH2,CCUS_280,Missense_Mutation,SNP,15,674,674,T,C,p.Arg140Gln,23,No,No,No
SH2B3,CCUS_280,Frame_Shift_Del,DEL,12,675,675,T,C,p.Pro113Leufs*84,5,No,No,No
ASXL1,CCUS_282,Frame_Shift_Ins,INS,20,678,678,T,C,p.Gly646Trpfs*12,22,No,No,No
ASXL1,CCUS_283,Frame_Shift_Del,DEL,20,679,679,T,C,p.Cys975Argfs*7,23,Yes,Yes,Yes
SRSF2,CCUS_284,Missense_Mutation,SNP,17,680,680,T,C,p.Pro95His,39,No,No,No
TET2,CCUS_284,Frame_Shift_Del,DEL,4,681,681,T,C,p.Lys1090Aspfs*13,33,No,No,No
TET2,CCUS_285,Nonsense_Mutation,SNP,4,682,682,T,C,p.Gln461*,43,Yes,No,No
TET2,CCUS_285,Missense_Mutation,SNP,4,683,683,T,C,p.Cys1378Arg,45,Yes,No,No
DNMT3A,CCUS_286,Missense_Mutation,SNP,2,684,684,T,C,p.Arg882His,47,No,No,Yes
SF3B1,CCUS_286,Missense_Mutation,SNP,2,685,685,T,C,p.Lys700Glu,9,No,No,No
CSF3R,CCUS_287,Missense_Mutation,SNP,1,686,686,T,C,p.E808K,49,Yes,No,No
JAK3,CCUS_287,Missense_Mutation,SNP,19,687,687,T,C,p.P151R,47,Yes,No,No
SRSF2,CCUS_288,Missense_Mutation,SNP,17,688,688,T,C,p.Pro95His,29,No,No,No
TET2,CCUS_288,Nonsense_Mutation,SNP,4,689,689,T,C,p.Glu1319*,30,No,No,No
IDH2,CCUS_289,Nonsense_Mutation,SNP,15,691,691,T,C,p.Arg140Gln,42,No,No,No
SRSF2,CCUS_289,Nonsense_Mutation,SNP,17,692,692,T,C,p.Pro95Arg,39,No,No,No
TET2,CCUS_290,Nonsense_Mutation,SNP,4,693,693,T,C,p.Arg1516*,37,Yes,No,No
IDH1,CCUS_295,Missense_Mutation,SNP,2,694,694,T,C,p.Arg132Cys,23,Yes,No,No
DNMT3A,CCUS_296,Missense_Mutation,SNP,2,695,695,T,C,p.Arg882His,44,No,No,Yes
CBL,CCUS_297,Missense_Mutation,SNP,11,696,696,T,C,p.Cys384Arg,7,No,No,No
SRSF2,CCUS_297,Missense_Mutation,SNP,17,697,697,T,C,p.Pro95His,28,No,No,No
TET2,CCUS_297,Frame_Shift_Del,DEL,4,698,698,T,C,p.Cys1378Leufs*70,43,No,No,No
CBL,CCUS_298,Missense_Mutation,SNP,11,699,699,T,C,p.Arg420Gln,11,No,No,No
IDH1,CCUS_298,Missense_Mutation,SNP,2,700,700,T,C,p.Arg132Gly,41,No,No,No
SRSF2,CCUS_298,Missense_Mutation,SNP,17,701,701,T,C,p.Pro95Arg,43,No,No,No
TET2,CCUS_299,Missense_Mutation,SNP,4,702,702,T,C,p.Ala1508Glufs*69,22,Yes,No,No
ZRSR2,CCUS_299,Nonsense_Mutation,SNP,X,703,703,T,C,p.Glu263*,52,Yes,No,No
SRSF2,CCUS_300,Missense_Mutation,SNP,17,704,704,T,C,p.Pro95His,46,No,No,No
ASXL1,CCUS_301,Frame_Shift_Ins,INS,20,705,705,T,C,p.Gly646Trpfs*12,34,No,Yes,No
U2AF1,CCUS_301,Missense_Mutation,SNP,21,706,706,T,C,p.Gln157Pro,35,No,Yes,No
TET2,CCUS_302,Missense_Mutation,SNP,4,707,707,T,C,p.His1881Arg,23,No,No,No
ZRSR2,CCUS_302,Frame_Shift_Ins,INS,X,708,708,T,C,p.Cys187Aspfs*52,44,No,No,No
U2AF1,CCUS_303,Missense_Mutation,SNP,21,709,709,T,C,p.Gln157Pro,16,No,Yes,No
JAK2,CCUS_305,Missense_Mutation,SNP,9,710,710,T,C,p.Val617Phe,31,No,No,No
TET2,CCUS_305,Frame_Shift_Ins,INS,4,711,711,T,C,p.Asn71Glnfs*2,37,No,No,No
ZRSR2,CCUS_305,Frame_Shift_Ins,INS,X,712,712,T,C,p.Lys29Glufs*26,74,No,No,No
TET2,CCUS_305,Splice_Site,SNP,4,713,713,T,C,p.?,39,No,No,No
ZRSR2,CCUS_306,Nonsense_Mutation,SNP,X,714,714,T,C,p.Phe301*,90,No,No,No
TET2,CCUS_306,Nonsense_Mutation,SNP,4,715,715,T,C,p.Val127*,46,No,No,No
TET2,CCUS_306,Missense_Mutation,SNP,4,716,716,T,C,pGly787Arg,48,No,No,No
TET2,CCUS_306,Missense_Mutation,SNP,4,717,717,T,C,p.Gly1282Ser,49,No,No,No
ASXL1,CCUS_308,Frame_Shift_Ins,INS,20,718,718,T,C,p.Gly646Trpfs*12,25,No,No,Yes
DNMT3A,CCUS_309,Missense_Mutation,SNP,2,719,719,T,C,p.Arg882His,39,Yes,No,No
TET2,CCUS_309,Frame_Shift_Del,DEL,4,720,720,T,C,p.Asp1017Alafs*10,21,Yes,No,No
TET2,CCUS_309,Nonsense_Mutation,SNP,4,721,721,T,C,p.Gln1547*,29,Yes,No,No
CHEK2,CCUS_310,Splice_Site,SNP,22,722,722,T,C,p.?,17,No,No,No
IDH1,CCUS_311,Missense_Mutation,SNP,2,723,723,T,C,p.Arg132Cys,21,No,Yes,No
TET2,CCUS_312,Nonsense_Mutation,SNP,4,724,724,T,C,p.Q729*,22,Yes,No,No
DNMT3A,CCUS_313,Nonsense_Mutation,SNP,2,725,725,T,C,p.Glu392*,42,Yes,No,No
CHECK2,CCUS_313,Missense_Mutation,SNP,22,726,726,T,C,p.K416E,3,Yes,No,No
ASXL1,CCUS_314,Missense_Mutation,SNP,20,727,727,T,C,p.S1428P,49,No,Yes,No
CBLB,CCUS_314,Missense_Mutation,SNP,3,728,728,T,C,p.A929G,45,No,Yes,No
DNMT3A,CCUS_315,Frame_Shift_Del,DEL,2,729,729,T,C,p.Gly707Alafs*72,15,No,No,No
TET2,CCUS_316,Nonsense_Mutation,SNP,4,730,730,T,C,p.G1152*,27,No,No,Yes
ZRSR2,CCUS_316,Splice_Site,SNP,X,731,731,T,C,p.?,81,No,No,Yes
ASXL1,CCUS_317,Frame_Shift_Ins,INS,20,732,732,T,C,p.Gly646Trpfs*12,35,No,No,Yes
SRSF2,CCUS_317,Frame_Shift_Ins,INS,17,733,733,T,C,p.Pro95Arg,40,No,No,Yes
TET2,CCUS_317,Nonsense_Mutation,SNP,4,734,734,T,C,p.Ser588*,39,No,No,Yes
TET2,CCUS_317,Nonsense_Mutation,SNP,4,735,735,T,C,p.Arg1216*,41,No,No,Yes
TET2,CCUS_318,Splice_Site,SNP,4,736,736,T,C,p.?,32,Yes,No,No
TET2,CCUS_319,Nonsense_Mutation,SNP,4,737,737,T,C,p.Cys332*,44,No,No,No
TET2,CCUS_319,Frame_Shift_Del,DEL,4,738,738,T,C,p.Asp1730Valfs*15,41,No,No,No
KRAS,CCUS_320,Missense_Mutation,SNP,12,739,739,T,C,p.Gly12Asp,45,No,No,No
TET2,CCUS_321,Nonsense_Mutation,SNP,4,740,740,T,C,p.Tyr370*,29,No,No,No
TET2,CCUS_321,Nonsense_Mutation,SNP,4,741,741,T,C,p.Glu1029*,25,No,No,No
SRSF2,CCUS_322,Missense_Mutation,SNP,17,742,742,T,C,p.Pro95His,38,No,No,No
CBL,CCUS_323,Missense_Mutation,SNP,11,743,743,T,C,p.Cys404Tyr,71,No,No,No
TET2,CCUS_323,Frame_Shift_Del,DEL,4,744,744,T,C,p.Ser217Profs*33,42,No,No,No
TET2,CCUS_323,Nonsense_Mutation,SNP,4,745,745,T,C,p.Gln1699*,44,No,No,No
ASXL1,CCUS_324,Nonsense_Mutation,SNP,20,746,746,T,C,p.Arg693*,34,No,No,No
RUNX1,CCUS_324,Frame_Shift_Ins,INS,21,747,747,T,C,p.Pro16Alafs*95,33,No,No,No
U2AF1,CCUS_324,Missense_Mutation,SNP,21,748,748,T,C,p.Gln157Pro,33,No,No,No
RUNX1,CCUS_325,Frame_Shift_Del,DEL,21,749,749,T,C,p.Pro357Valfs*211,43,Yes,Yes,No
WT1,CCUS_326,Missense_Mutation,SNP,11,750,750,T,C,p.P249S,45,No,Yes,No
DNMT3A,CCUS_327,Missense_Mutation,SNP,2,751,751,T,C,p.Arg882His,44,No,No,No
TET2,CCUS_327,Frame_Shift_Del,DEL,4,752,752,T,C,p.Lys1090Asnfs*15,42,No,No,No
TET2,CCUS_327,Splice_Site,SNP,4,753,753,T,C,p.?,44,No,No,No
IDH1,CCUS_328,Missense_Mutation,SNP,2,754,754,T,C,p.Arg132Gly,33,No,No,No
SRSF2,CCUS_328,Missense_Mutation,SNP,17,755,755,T,C,p.Pro95Arg,39,No,No,No
TET2,CCUS_329,Frame_Shift_Ins,INS,4,756,756,T,C,p.Leu1212Phefs*11,14,Yes,No,No
SRSF2,CCUS_330,Missense_Mutation,SNP,17,757,757,T,C,p.Pro95Leu,37,No,No,No
DNMT3A,CCUS_331,Missense_Mutation,SNP,2,758,758,T,C,p.Asp702Val,5,Yes,No,No
RUNX1,CCUS_331,Missense_Mutation,SNP,21,759,759,T,C,p.Val211Ile,48,Yes,No,No
PPM1D,CCUS_331,Frame_Shift_Del,DEL,17,760,760,T,C,p.R528EfS*11,24.4,Yes,No,No
TET2,CCUS_334,Nonsense_Mutation,SNP,4,761,761,T,C,Q1009*,16,Yes,No,No
FLT3,CCUS_335,Frame_Shift_Ins,INS,13,762,762,T,C,p.W603_E604insDEYDLKW,75,No,Yes,No
STAG2,CCUS_336,Nonsense_Mutation,SNP,X,763,763,T,C,p.Arg1012*,5,No,No,No
IDH1,CCUS_339,Missense_Mutation,SNP,2,764,764,T,C,p.Arg132Cys,44,No,No,No
SRSF2,CCUS_339,Missense_Mutation,SNP,17,765,765,T,C,p.Pro95Arg,38,No,No,No
ASXL1,CCUS_340,Frame_Shift_Ins,INS,20,766,766,T,C,p.Gly646Trpfs*12,40,No,No,No
CBL,CCUS_340,Missense_Mutation,SNP,11,767,767,T,C,p.Arg420Gln,14,No,No,No
TET2,CCUS_340,Missense_Mutation,SNP,4,768,768,T,C,p.His1380Tyr,43,No,No,No
DNMT3A,CCUS_341,Missense_Mutation,SNP,2,769,769,T,C,p.Pro904Leu,17,No,No,No
SRSF2,CCUS_342,Missense_Mutation,SNP,17,770,770,T,C,p.Pro95His,39,No,No,No
TET2,CCUS_342,Frame_Shift_Del,DEL,4,771,771,T,C,p.Lys1090Aspfs*13,33,No,No,No
MPL,CCUS_343,Nonsense_Mutation,SNP,1,772,772,T,C,p.Arg592*,13,Yes,No,Yes
SRSF2,CCUS_343,Missense_Mutation,SNP,17,773,773,T,C,p.Pro95His,35,Yes,No,Yes
TET2,CCUS_343,Frame_Shift_Ins,INS,4,774,774,T,C,p.Leu1469Glnfs*10,31,Yes,No,Yes
TET2,CCUS_343,Nonsense_Mutation,SNP,4,775,775,T,C,p.Glu1786*,33,Yes,No,Yes
DNMT3A,CCUS_344,Splice_Site,SNP,2,776,776,T,C,p.?,11,No,No,No
TET2,CCUS_345,Frame_Shift_Ins,INS,4,777,777,T,C,p.Tyr1631Leufs*30 ,27,Yes,No,No
KRAS,CCUS_346,Missense_Mutation,SNP,12,778,778,T,C,p.Asp33Glu,46,No,No,No
SRSF2,CCUS_346,Missense_Mutation,SNP,17,779,779,T,C,p.Pro95Leu,47,No,No,No
TET2,CCUS_346,Frame_Shift_Ins,INS,4,780,780,T,C,p.Gln831Thrfs*15,47,No,No,No
TET2,CCUS_346,Nonsense_Mutation,SNP,4,781,781,T,C,p.Gly1235*,41,No,No,No
SETBP1,CCUS_347,Missense_Mutation,SNP,18,782,782,T,C,p.R626Q,49,No,No,No
TET2,CCUS_348,Missense_Mutation,SNP,4,783,783,T,C,p.E1483*,29,Yes,No,No
ASXL1,CCUS_348,Frame_Shift_Del,DEL,20,784,784,T,C,p.E635Rfs*15,,Yes,No,No
ZRSR2,CCUS_348,Splice_Site,SNP,X,785,785,T,C,p.?,70,Yes,No,No
PPM1D,CCUS_350,Nonsense_Mutation,SNP,17,786,786,T,C,p.R552*,10,Yes,No,No
ASXL1,CCUS_351,Frame_Shift_Ins,INS,20,787,787,T,C,p.Pro753Serfs*2,9,Yes,No,No
ASXL1,CCUS_360,Frame_Shift_Ins,INS,20,788,788,T,C,p.Gly646Trpfs*12,29,No,No,Yes
BCOR,CCUS_360,Frame_Shift_Ins,INS,X,789,789,T,C,p.Met1575Asnfs*11,38,No,No,Yes
RUNX1,CCUS_360,Frame_Shift_Ins,INS,21,790,790,T,C,p.Thr230Leufs*5,25,No,No,Yes
SRSF2,CCUS_360,Missense_Mutation,SNP,17,791,791,T,C,p.Pro95His,39,No,No,Yes
SF3B1,CCUS_362,Missense_Mutation,SNP,2,792,792,T,C,p.Lys700Glu,34,No,No,Yes
TET2,CCUS_362,Frame_Shift_Ins,INS,4,793,793,T,C,p.Ile589Lysfs*13,8,No,No,Yes
U2AF1,CCUS_364,Missense_Mutation,SNP,21,794,794,T,C,p.Ser34Phe,22,No,Yes,No
DNMT3A,CCUS_365,Splice_Site,SNP,2,795,795,T,C,p.?,9,No,No,No
DNMT3A,CCUS_366,Missense_Mutation,SNP,2,796,796,T,C,p.Arg635Trp,12,No,No,No
ZRSR2,CCUS_371,Splice_Site,SNP,X,797,797,T,C,p.?,87,No,No,No
SF3B1,CCUS_372,Missense_Mutation,SNP,2,798,798,T,C,p.Lys700Glu,6,No,Yes,No
IDH2,CCUS_376,Missense_Mutation,SNP,15,799,799,T,C,p.Arg140Gln,31,Yes,No,No
U2AF1,CCUS_376,Missense_Mutation,SNP,21,800,800,T,C,p.Ser34Tyr,33,Yes,No,No
CBL,CCUS_377,Splice_Site,SNP,11,801,801,T,C,p.?,44,No,No,Yes
TET2,CCUS_377,Nonsense_Mutation,SNP,4,802,802,T,C,p.Ser509*,47,No,No,Yes
ASXL1,CCUS_378,Frame_Shift_Ins,INS,20,803,803,T,C,p.Gly646Trpfs*12,36,Yes,No,No
IDH1,CCUS_378,Missense_Mutation,SNP,2,804,804,T,C,p.Arg132His,44,Yes,No,No
KRAS,CCUS_378,Missense_Mutation,SNP,12,805,805,T,C,p.Gln61Arg,41,Yes,No,No
SRSF2,CCUS_378,Missense_Mutation,SNP,17,806,806,T,C,p.Pro95His,44,Yes,No,No
CBL,CCUS_383,Missense_Mutation,SNP,11,807,807,T,C,p.Arg420Gln,13,No,Yes,Yes
SF3B1,CCUS_383,Missense_Mutation,SNP,2,808,808,T,C,p.Lys700Glu,45,No,Yes,Yes
TET2,CCUS_383,Frame_Shift_Ins,INS,4,809,809,T,C,p.Val1715Lysfs*15,77,No,Yes,Yes
SF3B1,CCUS_388,Missense_Mutation,SNP,2,810,810,T,C,p.Lys700Glu,24,No,No,No
RUNX1,CCUS_389,Missense_Mutation,SNP,21,811,811,T,C,p.Ser114Leu,50,No,No,Yes
SRSF2,CCUS_389,Missense_Mutation,SNP,17,812,812,T,C,p.Pro95His ,44,No,No,Yes
TET2,CCUS_389,Nonsense_Mutation,SNP,4,813,813,T,C,p.Gln967*,37,No,No,Yes
TET2,CCUS_389,Frame_Shift_Del,DEL,4,814,814,T,C,p.Thr1554Serfs*16,39,No,No,Yes
ASXL1,CCUS_390,Missense_Mutation,SNP,20,815,815,T,C,p.Ser392Phefs*18,38,No,Yes,No
U2AF1,CCUS_390,Missense_Mutation,SNP,21,816,816,T,C,p.Ser34Phe,36,No,Yes,No
BCOR,CCUS_391,Frame_Shift_Ins,INS,X,817,817,T,C,p.Pro731Thrfs*9,27,No,Yes,Yes
KRAS,CCUS_391,Missense_Mutation,SNP,12,818,818,T,C,p.Gln61Arg,23,No,Yes,Yes
U2AF1,CCUS_391,Missense_Mutation,SNP,21,819,819,T,C,p.Ser34Phe,24,No,Yes,Yes
ASXL1,CCUS_392,Frame_Shift_Ins,INS,20,820,820,T,C,p.Gly646Trpfs*12,34,No,Yes,No
U2AF1,CCUS_392,Missense_Mutation,SNP,21,821,821,T,C,p.Gln157Pro,35,No,Yes,No
ASXL1,CCUS_393,Frame_Shift_Ins,INS,20,822,822,T,C,p.Gly646Trpfs*12,32,Yes,No,No
IDH2,CCUS_394,Missense_Mutation,SNP,15,823,823,T,C,p.Arg132Cys,12,No,No,No
SRSF2,CCUS_394,Missense_Mutation,SNP,17,824,824,T,C,p.Pro95Arg,15,No,No,No
ASXL1,CCUS_395,Frame_Shift_Del,DEL,20,825,825,T,C,p.Glu635Argfs*15,9,No,No,No
U2AF1,CCUS_396,Frame_Shift_Ins,INS,21,826,826,T,C,p.Tyr158_Glu159dup,25,No,No,No
ASXL1,CCUS_397,Nonsense_Mutation,SNP,20,827,827,T,C,p.Gln910*,10,No,No,Yes
ASXL1,CCUS_399,Nonsense_Mutation,SNP,20,828,828,T,C,p.Arg693*,41,Yes,No,Yes
SRSF2,CCUS_399,Missense_Mutation,SNP,17,829,829,T,C,p.Pro95Leu,40,Yes,No,Yes
TET2,CCUS_399,Missense_Mutation,SNP,4,830,830,T,C,p.Ile1873Thr,43,Yes,No,Yes
BCOR,CCUS_401,Frame_Shift_Ins,INS,X,831,831,T,C,p.Arg1472Cysfs*9,19,No,No,No
U2AF1,CCUS_401,Missense_Mutation,SNP,21,832,832,T,C,p.Ser34Phe,9,No,No,No
RUNX1,CCUS_402,Missense_Mutation,SNP,21,833,833,T,C,p.Arg80His,17,No,No,No
SRSF2,CCUS_402,Missense_Mutation,SNP,17,834,834,T,C,p.Pro95His,17,No,No,No
TET2,CCUS_402,Frame_Shift_Del,DEL,4,835,835,T,C,p.Val218Trpfs*32,40,No,No,No
TET2,CCUS_402,Frame_Shift_Ins,INS,4,836,836,T,C,p.Leu446Phefs*9,15,No,No,No
ASXL1,CCUS_403,Frame_Shift_Ins,INS,20,837,837,T,C,p.Gly646Trpfs*12,41,No,No,Yes
IDH2,CCUS_403,Missense_Mutation,SNP,15,838,838,T,C,p.Arg140Trp,47,No,No,Yes
KRAS,CCUS_403,Missense_Mutation,SNP,12,839,839,T,C,p.Gln22Lys ,8,No,No,Yes
SRSF2,CCUS_403,Missense_Mutation,SNP,17,840,840,T,C,p.Pro95His,49,No,No,Yes
U2AF1,CCUS_404,Missense_Mutation,SNP,21,841,841,T,C,p.Ser34Phe,26,Yes,Yes,No
DDX41,CCUS_405,Missense_Mutation,SNP,5,842,842,T,C,p.Arg525His,5,No,Yes,Yes
DNMT3A,CCUS_405,Frame_Shift_Ins,INS,7,843,843,T,C,p.Gly412Trpfs*9,7,No,Yes,Yes
U2AF1,CCUS_406,Missense_Mutation,SNP,21,844,844,T,C,p.Gln157Arg,43,No,Yes,Yes
SRSF2,CCUS_407,Missense_Mutation,SNP,17,845,845,T,C,p.Pro95Leu,38,Yes,No,No
TET2,CCUS_407,Frame_Shift_Ins,INS,4,846,846,T,C,p.Leu532Phefs*35,37,Yes,No,No
IDH2,CCUS_411,Missense_Mutation,SNP,15,847,847,T,C,p.Arg140Gln ,37,No,No,Yes
ZRSR2,CCUS_411,Splice_Site,SNP,X,848,848,T,C,p.?,74,No,No,Yes
ASXL1,CCUS_412,Frame_Shift_Ins,INS,20,849,849,T,C,p.Gly646TrpfsX12,36,No,No,Yes
TET2,CCUS_412,Frame_Shift_Ins,INS,4,850,850,T,C,p.Tyr1255X,69,No,No,Yes
TET2,CCUS_412,Frame_Shift_Del,DEL,4,851,851,T,C,p.Met804ArgfsX9,13,No,No,Yes
ASXL1,CCUS_413,Frame_Shift_Ins,INS,20,852,852,T,C,p.Gly646Trpfs*12,26,No,No,Yes
CBL,CCUS_415,Missense_Mutation,SNP,11,853,853,T,C,p.Trp408Cys,28,Yes,Yes,No
ASXL1,CCUS_416,Frame_Shift_Ins,INS,20,854,854,T,C,p.Pro753Serfs*21,9,No,No,No
TET2,CCUS_417,Nonsense_Mutation,SNP,4,855,855,T,C,p.Q1624*,12,No,Yes,No
TET2,CCUS_418,Nonsense_Mutation,SNP,4,856,856,T,C,p.Gln913*,15,No,No,No
TET2,CCUS_418,Nonsense_Mutation,SNP,4,857,857,T,C,p.Gln916*,17,No,No,No
TET2,CCUS_420,Frame_Shift_Del,DEL,4,858,858,T,C,p.Leu1329Cysfs*34,83,No,No,Yes
DNMT3A,CCUS_421,Splice_Site,SNP,2,860,860,T,C,p.? ,8,No,No,No
IDH2,CCUS_422,Missense_Mutation,SNP,15,861,861,T,C,p.Arg140Gly,27,No,No,Yes
SRSF2,CCUS_422,Frame_Shift_Del,DEL,17,862,862,T,C,p.Pro95_Arg102del,41,No,No,Yes
TET2,CCUS_423,Nonsense_Mutation,SNP,4,863,863,T,C,p.Glu259*,40,No,Yes,Yes
TET2,CCUS_423,Splice_Site,SNP,4,864,864,T,C,p.?,39,No,Yes,Yes
ZRSR2,CCUS_423,Nonsense_Mutation,SNP,X,865,865,T,C,p.Glu49*,74,No,Yes,Yes
TET2,CCUS_424,Frame_Shift_Ins,INS,4,866,866,T,C,p.Lys1877Hisfs*4 ,46,No,No,Yes
ZRSR2,CCUS_424,Frame_Shift_Del,DEL,X,867,867,T,C,p.Asp372Glufs*10,73,No,No,Yes
IDH1,CCUS_425,Missense_Mutation,SNP,2,868,868,T,C,p.Arg132Cys,15,Yes,No,Yes
SRSF2,CCUS_426,Missense_Mutation,SNP,17,869,869,T,C,p.Pro95Leu,45,No,Yes,No
TET2,CCUS_426,Frame_Shift_Ins,INS,4,870,870,T,C,p.Cys1709Leufs*4 ,73,No,Yes,No
PPM1D,CCUS_427,Frame_Shift_Del,DEL,17,871,871,T,C,p.Asn512Ilefs*2,4,Yes,No,No
ZRSR2,CCUS_428,Splice_Site,SNP,X,872,872,T,C,p.?,5,Yes,No,No
IDH1,CCUS_431,Missense_Mutation,SNP,2,873,873,T,C,p.Arg132Cys,28,No,No,Yes
DNMT3A,CCUS_432,Splice_Site,SNP,2,874,874,T,C,p.?,3,No,No,No
IDH1,CCUS_433,Missense_Mutation,SNP,2,875,875,T,C,p.Arg132His ,23,No,No,No
IDH2,CCUS_433,Missense_Mutation,SNP,15,876,876,T,C,p.Arg140Gln ,11,No,No,No
SRSF2,CCUS_433,Missense_Mutation,SNP,17,877,877,T,C,p.Pro95His,37,No,No,No
DNMT3A,CCUS_434,Missense_Mutation,SNP,2,878,878,T,C,p.R882H,22,Yes,Yes,No
RUNX1,CCUS_434,Frame_Shift_Ins,INS,21,879,879,T,C,p.S100Lfs*38,20,Yes,Yes,No
BRAF,CCUS_435,Missense_Mutation,SNP,7,880,880,T,C,p.Lys601Asn,13,No,No,Yes
CBL,CCUS_435,Missense_Mutation,SNP,11,881,881,T,C,p.Tyr371H ,17,No,No,Yes
IDH2,CCUS_435,Missense_Mutation,SNP,15,882,882,T,C,p.Arg140Gln,46,No,No,Yes
SRSF2,CCUS_435,Missense_Mutation,SNP,17,883,883,T,C,p.Pro95Arg,45,No,No,Yes
TET2,CCUS_438,Frame_Shift_Del,DEL,4,884,884,T,C,p.Pro319Glnfs*28,9,No,No,Yes
TET2,CCUS_438,Frame_Shift_Ins,INS,4,885,885,T,C,p.Ser696Cysfs*5,16,No,No,Yes
TET2,CCUS_438,Missense_Mutation,SNP,4,886,886,T,C,p.Thr1884Ala,28,No,No,Yes
TET2,CCUS_438,Missense_Mutation,SNP,4,887,887,T,C,p.Tyr1902Ser,7,No,No,Yes
ZRSR2,CCUS_438,Frame_Shift_Del,DEL,X,888,888,T,C,p.Lys89Argfs*19,36,No,No,Yes
ASXL1,CCUS_439,Frame_Shift_Del,DEL,20,889,889,T,C,p.P808Lsf*10,29,No,No,No
KDM6A,CCUS_440,Frame_Shift_Del,DEL,X,890,890,T,C,p.His1121Trpfs*28,85,No,No,No
TET2,CCUS_440,Frame_Shift_Del,DEL,4,891,891,T,C,p.Val1006Glufs*27,42,No,No,No
TET2,CCUS_441,Frame_Shift_Del,DEL,4,892,892,T,C,p.Tyr1148Serfs*6,40,No,No,No
ASXL1,CCUS_442,Frame_Shift_Ins,INS,20,893,893,T,C,p.Gly646Trpfs*12,38,No,No,No
SRSF2,CCUS_442,Missense_Mutation,SNP,17,894,894,T,C,p.Pro95His,47,No,No,No
TET2,CCUS_442,Frame_Shift_Del,DEL,4,895,895,T,C,p.Ser367Leufs*5,47,No,No,No
EZH2,CCUS_443,Nonsense_Mutation,SNP,7,896,896,T,C,p.Trp629*,13,No,No,No
PPM1D,CCUS_444,Nonsense_Mutation,SNP,17,897,897,T,C,p.Arg581*,23,No,No,No
U2AF1,CCUS_444,Missense_Mutation,SNP,21,898,898,T,C,p.Ser34Phe,25,No,No,No
U2AF1,CCUS_444,Missense_Mutation,SNP,21,899,899,T,C,p.Ser34Tyr,2,No,No,No
TET2,CCUS_445,Nonsense_Mutation,SNP,4,900,900,T,C,p.Gln933*,9,No,No,No
CBL,CCUS_446,Missense_Mutation,SNP,11,901,901,T,C,p.Arg420Gln ,22,No,No,No
PHF6,CCUS_446,Nonsense_Mutation,SNP,X,902,902,T,C,p.Gly275* ,18,No,No,No
SH2B3,CCUS_446,Nonsense_Mutation,SNP,12,903,903,T,C,p.Arg308* ,10,No,No,No
TET2,CCUS_446,Nonsense_Mutation,SNP,4,904,904,T,C,p.Arg550*,36,No,No,No
TET2,CCUS_446,Frame_Shift_Ins,INS,4,905,905,T,C,p.Leu1511Phefs*62 ,27,No,No,No
KMT2C,CCUS_447,Missense_Mutation,SNP,7,906,906,T,C,p.Tyr306Ter,3.4,No,No,No
ASXL1,CCUS_447,Frame_Shift_Del,DEL,20,907,907,T,C,p.Gln925ArgfsTer20,1.35,No,No,No
DNMT3A,CCUS_448,Missense_Mutation,SNP,2,908,908,T,C,p.Arg882Cys,5,No,No,No
DNMT3A,CCUS_448,Missense_Mutation,SNP,2,909,909,T,C,p.Arg882His,23,No,No,No
ASXL1,CCUS_449,Frame_Shift_Ins,INS,20,910,910,T,C,p.Q428Tfs*10,26,Yes,No,No
DNMT3A,CCUS_450,Missense_Mutation,SNP,2,911,911,T,C,p.Arg478Trp,24,No,No,No
TET2,CCUS_450,Frame_Shift_Del,DEL,4,912,912,T,C,p.Met1333Trpfs*30,24,No,No,No
TET2,CCUS_450,Frame_Shift_Del,DEL,4,913,913,T,C, p.Glu1555Valfs*22,49,No,No,No
U2AF1,CCUS_450,Missense_Mutation,SNP,21,914,914,T,C,p.Gln157Arg,47,No,No,No
TET2,CCUS_451,Missense_Mutation,SNP,4,915,915,T,C,p.C1273R,35.6,No,No,No
TET2,CCUS_451,Missense_Mutation,SNP,4,916,916,T,C,p.H1912Y,9.9,No,No,No
ASXL1,CCUS_452,Nonsense_Mutation,SNP,20,917,917,T,C,p.Tyr591*,5.3,No,No,No
DNMT3A,CCUS_453,Nonsense_Mutation,SNP,2,918,918,T,C,p.Trp313*,11,No,No,No
SRSF2,CCUS_454,Missense_Mutation,SNP,17,919,919,T,C,p.Pro95His,16,No,No,No
U2AF1,CCUS_455,Missense_Mutation,SNP,21,920,920,T,C,p.Ser34Phe,21,No,No,Yes
U2AF1,CCUS_455,Missense_Mutation,SNP,21,921,921,T,C,p.Gln157Arg,6,No,No,Yes
DNMT3A,CCUS_456,Missense_Mutation,SNP,2,922,922,T,C,p.Ile780Thr,4,No,No,No
TET2,CCUS_457,Frame_Shift_Ins,INS,4,923,923,T,C,p.Leu1046Tyrfs*11,40,No,No,No
ZRSR2,CCUS_457,Frame_Shift_Del,DEL,X,924,924,T,C,p.Lys405Argfs*?,84,No,No,No
TET2,CCUS_457,Frame_Shift_Del,DEL,4,925,925,T,C,p.Arg1179Serfs*6,44,No,No,No
TET2,CCUS_458,Nonsense_Mutation,SNP,4,926,926,T,C,p.Gln860*,62,Yes,Yes,No
ZRSR2,CCUS_458,Splice_Site,SNP,X,927,927,T,C,p.?,86,Yes,Yes,No
TET2,CCUS_459,Frame_Shift_Del,DEL,4,928,928,T,C,p.Phe1104Argfs*24,37,No,No,Yes
ZRSR2,CCUS_459,Frame_Shift_Del,DEL,X,929,929,T,C,p.Phe52Tyrfs*2,84,No,No,Yes
TET2,CCUS_460,Frame_Shift_Ins,INS,4,930,930,T,C,p.Gln764Profs*5,38,No,Yes,No
ZRSR2,CCUS_460,Nonsense_Mutation,SNP,X,931,931,T,C,p.Arg126* ,83,No,Yes,No
ASXL1,CCUS_461,Frame_Shift_Ins,INS,20,932,932,T,C,p.Gly646Trpfs*12,4,No,No,No
TET2,CCUS_461,Frame_Shift_Ins,INS,4,933,933,T,C,p.Thr467Tyrfs*12,43,No,No,No
TET2,CCUS_461,Missense_Mutation,SNP,4,934,934,T,C,p.Ser1898Phe,43,No,No,No
ZRSR2,CCUS_461,Splice_Site,SNP,X,935,935,T,C,p.?,85,No,No,No
ASXL1,CCUS_462,Frame_Shift_Del,DEL,20,936,936,T,C,p.Asp855Alafs*11,34,No,No,No
TET2,CCUS_462,Nonsense_Mutation,SNP,4,937,937,T,C,p.Trp564*,29,No,No,No
TET2,CCUS_462,Frame_Shift_Ins,INS,4,938,938,T,C,p.Thr624Lysfs*15,34,No,No,No
ZRSR2,CCUS_462,Nonsense_Mutation,SNP,X,939,939,T,C,p.Gln103* ,56,No,No,No
ZRSR2,CCUS_463,Frame_Shift_Del,DEL,X,940,940,T,C,p.Arg119Lysfs*45,66,Yes,No,No
TET2,CCUS_464,Frame_Shift_Del,DEL,4,941,941,T,C,p.Met804Trpfs*9,7,No,No,No
ZRSR2,CCUS_464,Nonsense_Mutation,SNP,X,942,942,T,C,p.Arg27* ,34,No,No,No
ZRSR2,CCUS_465,Frame_Shift_Del,DEL,X,943,943,T,C,p.Lys29Asnfs*9,88,No,Yes,No
ZRSR2,CCUS_466,Nonsense_Mutation,SNP,X,944,944,T,C,p.Arg126*,79,No,Yes,No
ZRSR2,CCUS_467,Nonsense_Mutation,SNP,X,945,945,T,C,p.Trp307*,89,No,No,No
TET2,CCUS_468,Nonsense_Mutation,SNP,4,946,946,T,C,p.Gln917*,3,Yes,No,No
ZRSR2,CCUS_468,Nonsense_Mutation,SNP,X,947,947,T,C,p.Tyr373* ,70,Yes,No,No
ASXL1,CCUS_469,Frame_Shift_Del,DEL,20,948,948,T,C,p.Leu732Tyrfs*12,39,No,No,Yes
TET2,CCUS_469,Nonsense_Mutation,SNP,4,949,949,T,C,p.Arg550*,34,No,No,Yes
ZRSR2,CCUS_469,Frame_Shift_Del,DEL,X,950,950,T,C,p.Tyr347Thrfs*?,73,No,No,Yes
TET2,CCUS_470,Frame_Shift_Del,DEL,4,951,951,T,C,p.Arg881Serfs*40,37,No,Yes,No
ZRSR2,CCUS_470,Splice_Site,SNP,X,952,952,T,C,p.?,74,No,Yes,No
ZRSR2,CCUS_471,Splice_Site,SNP,X,953,953,T,C,p.?,38,Yes,No,No
IDH1,CCUS_472,Missense_Mutation,SNP,2,954,954,T,C,p.Arg132His,41,Yes,No,No
ZRSR2,CCUS_472,Frame_Shift_Del,DEL,X,955,955,T,C,p.Glu11Argfs*12,16,Yes,No,No
ASXL1,CCUS_473,Frame_Shift_Del,DEL,20,956,956,T,C,p.Ser663Trpfs*3,26,No,No,No
ZRSR2,CCUS_473,Frame_Shift_Ins,INS,X,957,957,T,C,p.Asn334Glnfs*6,45,No,No,No
ASXL1,CCUS_474,Nonsense_Mutation,SNP,20,958,958,T,C,p.Tyr591*,6,No,No,Yes
ASXL1,CCUS_474,Frame_Shift_Ins,INS,20,959,959,T,C,p.Gly646Trpfs*12,7,No,No,Yes
ASXL1,CCUS_474,Nonsense_Mutation,SNP,20,960,960,T,C,p.Trp1356*,8,No,No,Yes
TET2,CCUS_474,Nonsense_Mutation,SNP,4,961,961,T,C,p.Cys973*,49,No,No,Yes
ZRSR2,CCUS_474,Splice_Site,SNP,X,962,962,T,C,p.?,88,No,No,Yes
TET2,CCUS_475,Frame_Shift_Del,DEL,4,963,963,T,C,p.Gln1687Argfs*8,25,No,No,No
ZRSR2,CCUS_475,Frame_Shift_Del,DEL,X,964,964,T,C,p.Glu133Glyfs*11,74,No,No,No
ASXL1,CCUS_477,Frame_Shift_Del,DEL,20,965,965,T,C,p.Glu635Argfs*15,12,No,No,No
KDM6A,CCUS_477,Nonsense_Mutation,SNP,X,966,966,T,C,p.Gln1248* ,9,No,No,No
TET2,CCUS_477,Frame_Shift_Ins,INS,4,967,967,T,C,p.Lys1299*,42,No,No,No
ZRSR2,CCUS_477,Nonsense_Mutation,SNP,X,968,968,T,C,p.Glu362*,89,No,No,No
ASXL1,CCUS_478,Frame_Shift_Ins,INS,20,969,969,T,C,p.Gly646Trpfs*12 ,8,No,Yes,No
PPM1D,CCUS_478,Nonsense_Mutation,SNP,17,970,970,T,C,p.Cys414*,8,No,Yes,No
TET2,CCUS_478,Missense_Mutation,SNP,4,971,971,T,C,p.His1380Tyr,18,No,Yes,No
ZRSR2,CCUS_478,Nonsense_Mutation,SNP,X,972,972,T,C,p.Arg36*,2,No,Yes,No
DNMT3A,CCUS_479,Missense_Mutation,SNP,2,973,973,T,C,p.F772L,31,No,No,No
U2AF1,CCUS_480,Missense_Mutation,SNP,21,974,974,T,C,p.Ser34Phe,12,No,No,No
IDH1,CCUS_483,Missense_Mutation,SNP,2,975,975,T,C,p.Arg132His,39,No,No,Yes
JAK2,CCUS_483,Missense_Mutation,SNP,9,976,976,T,C,p.Val617Phe,19,No,No,Yes
SRSF2,CCUS_483,Missense_Mutation,SNP,17,977,977,T,C,p.Pro95His,41,No,No,Yes
IDH2,CCUS_484,Missense_Mutation,SNP,15,978,978,T,C,p.Arg140Gln,15,No,No,No
SRSF2,CCUS_484,Missense_Mutation,SNP,17,979,979,T,C,p.Pro95Arg,15,No,No,No
SRSF2,CCUS_485,Missense_Mutation,SNP,17,980,980,T,C,p.Pro95Leu,48,No,No,No
TET2,CCUS_485,Nonsense_Mutation,SNP,4,981,981,T,C,p.Ser835* ,13,No,No,No
TET2,CCUS_485,Splice_Site,SNP,4,982,982,T,C,p.?,74,No,No,No
ASXL1,CCUS_486,Nonsense_Mutation,SNP,20,983,983,T,C,p.Arg417*,45,No,No,No
SRSF2,CCUS_486,Missense_Mutation,SNP,17,984,984,T,C,p.Pro95Leu ,39,No,No,No
TET2,CCUS_486,Frame_Shift_Del,DEL,4,985,985,T,C,p.Thr646Lysfs*54,40,No,No,No
TET2,CCUS_488,Frame_Shift_Ins,INS,4,986,986,T,C,p.Gly1172Alafs*4 ,40,No,No,Yes
TET2,CCUS_488,Frame_Shift_Del,DEL,4,987,987,T,C,p.His1732Thrfs*13,45,No,No,Yes
PPM1D,CCUS_489,Nonsense_Mutation,SNP,17,988,988,T,C,p.Arg552* ,8,No,No,No
SF3B1,CCUS_489,Missense_Mutation,SNP,12,989,989,T,C,p.Lys666Asn,5,No,No,No
ASXL1,CCUS_490,Frame_Shift_Del,DEL,20,990,990,T,C,p.E635Rfs*15,11,No,No,No
BCOR,CCUS_490,Frame_Shift_Del,DEL,X,991,991,T,C,p.T477Yfs*58,22,No,No,No
DNMT3A,CCUS_492,Frame_Shift_Del,DEL,2,992,992,T,C,p.Lys456Serfs*195,15,No,No,No
ASXL1,CCUS_494,Frame_Shift_Ins,INS,20,993,993,T,C,p.Gly646Trpfs*12,32,No,No,No
RUNX1,CCUS_494,Nonsense_Mutation,SNP,21,994,994,T,C,p.Gln127*,36,No,No,No
SRSF2,CCUS_494,Missense_Mutation,SNP,17,995,995,T,C,p.Pro95His,37,No,No,No
STAG2,CCUS_494,Frame_Shift_Ins,INS,X,996,996,T,C,p.Phe468Leufs*5,65,No,No,No
KDM6A,CCUS_495,Nonsense_Mutation,SNP,X,997,997,T,C,p.Cys1295*,40,No,No,No
DNMT3A,CCUS_496,Frame_Shift_Del,DEL,2,998,998,T,C,p.G413fs ,10,No,No,No
ASXL1,CCUS_496,Nonsense_Mutation,SNP,20,999,999,T,C,p.W583*,5,No,No,No
IDH2,CCUS_497,Missense_Mutation,SNP,15,1000,1000,T,C,p.R140Q,27,No,No,No
None,CCUS_228,Silent,SNP,13,1001,1001,T,C,None,27,Yes,Yes,Yes
None,CCUS_293,Silent,SNP,13,1002,1002,T,C,None,27,Yes,Yes,Yes
None,CCUS_381,Silent,SNP,13,1004,1004,T,C,None,27,No,Yes,No
None,CCUS_409,Silent,SNP,13,1004.8,1004.8,T,C,None,27,No,Yes,Yes
None,CCUS_410,Silent,SNP,13,1006,1006,T,C,None,27,No,Yes,No
None,CCUS_414,Silent,SNP,13,1007.2,1007.2,T,C,None,27,No,Yes,No
None,CCUS_436,Silent,SNP,13,1008.4,1008.4,T,C,None,27,No,Yes,No
None,CCUS_437,Silent,SNP,13,1009.6,1009.6,T,C,None,27,No,Yes,Yes
None,CCUS_481,Silent,SNP,13,1010.8,1010.8,T,C,None,27,No,Yes,No
None,CCUS_482,Silent,SNP,13,1012,1012,T,C,None,27,Yes,Yes,No
None,CCUS_487,Silent,SNP,13,1013.2,1013.2,T,C,None,27,Yes,Yes,No
None,CCUS_491,Silent,SNP,13,1014.4,1014.4,T,C,None,27,Yes,Yes,No
ASXL1,CCUS_257,Frame_Shift_Ins,INS,20,1015.6,1015.6,T,C,p.Gly646Trpfs*12,13,No,No,No
SRSF2,CCUS_259,Missense_Mutation,SNP,17,1016.8,1016.8,T,C,p.Pro95His,44,Yes,No,No
TET2,CCUS_259,Nonsense_Mutation,SNP,X,1018,1018,T,C,p.Arg1465*,35,Yes,No,No
DNMT3A,CCUS_260,Nonsense_Mutation,SNP,2,1019.2,1019.2,T,C,p.Met801Val,8,Yes,Yes,No
ASXL1,CCUS_262,Frame_Shift_Ins,INS,20,1020.4,1020.4,T,C,p.Thr880Asnfs*2,11,No,No,No
U2AF1,CCUS_251,Missense_Mutation,SNP,21,1031.2,1031.2,T,C,p.Gln157Pro,38,No,No,Yes
TET2,CCUS_261,Frame_Shift_Del,DEL,4,1032.4,1032.4,T,C,p.Thr665Glnfs*35,15,No,No,No
,,,,,1033.6,1033.6,T,C,,,,,
,,,,,1034.8,1034.8,T,C,,,,,
,,,,,1036,1036,T,C,,,,,
,,,,,1037.2,1037.2,T,C,,,,,
,,,,,1038.4,1038.4,T,C,,,,,
,,,,,,,,,,,,,
,,,,,,,,,,,,,
,,,,,,,,,,,,,
,,,,,,,,,,,,,
,,,,,,,,,,,,,
,,,,,,,,,,,,,
,,,,,,,,,,,,,
,,,,,,,,,,,,,
